engine,key,title,authors,year,venue,doi,open_source,status,local_note,implementation_topics
native_tri,hu2016_error_bounded,"Error-Bounded and Feature Preserving Surface Remeshing with Minimal Angle Improvement","Hu; Yan; Bommes; Alliez; Benes",2016,"IEEE TVCG / arXiv","10.1109/TVCG.2016.2632720","https://arxiv.org/pdf/1611.02147",FULL_READ,"native_tri/hu2016_error_bounded.md","priority queue; collapse; split; relocate; symmetric Hausdorff; feature intensity"
native_tri,botsch2004_remeshing,"A Remeshing Approach to Multiresolution Modeling","Botsch; Kobbelt",2004,"Symposium on Geometry Processing","10.1145/1057432.1057457","https://diglib.eg.org/items/eb9aa09f-d8f7-464a-bc41-4b5ea7b8136d",FULL_READ,"native_tri/botsch2004_remeshing.md","split; collapse; flip; tangential smoothing; projection"
native_tri,dunyach2013_adaptive,"Adaptive Remeshing for Real-Time Mesh Deformation","Dunyach; Vanderhaeghe; Barthe; Botsch",2013,"Eurographics Short Papers","10.2312/conf/EG2013/short/029-032","https://diglib.eg.org/items/bd0987f0-b1d0-45cc-bde4-2a99ebf51946",FULL_READ,"native_tri/dunyach2013_adaptive.md","curvature sizing; adaptive isotropic remeshing; runtime"
native_tri,alliez2005_cvt_isotropic,"Centroidal Voronoi Diagrams for Isotropic Surface Remeshing","Alliez; Colin de Verdiere; Devillers; Isenburg",2005,"Graphical Models",10.1016/j.gmod.2004.06.007,https://ligm.univ-eiffel.fr/~colinde/pub/02remesh.pdf,FULL_READ,"native_tri/alliez2005_cvt_isotropic.md","exact sample budget; error diffusion; constrained Delaunay; weighted CVT; parameterization"
native_tri,yan2009_rvd,"Isotropic Remeshing with Fast and Exact Computation of Restricted Voronoi Diagram","Yan; Levy; Liu; Sun; Wang",2009,"Computer Graphics Forum","10.1111/j.1467-8659.2009.01521.x","https://diglib.eg.org/items/0194d89c-77db-4558-a66d-2a4fbbf57923",FULL_READ,"native_tri/yan2009_rvd.md","exact RVD clipping; RCVT; CCVT; L-BFGS; RDT validity"
native_tri,mandad2015_tolerance,"Isotopic Approximation within a Tolerance Volume","Mandad; Cohen-Steiner; Alliez",2015,"ACM Transactions on Graphics","10.1145/2766950","user-supplied PDF",FULL_READ,"native_tri/mandad2015_tolerance.md","tolerance volume; isotopy; intersection-free output; complexity"
native_tri,hoppe1993_mesh_optimization,"Mesh Optimization","Hoppe; DeRose; Duchamp; McDonald; Stuetzle",1993,"SIGGRAPH","10.1145/166117.166119","https://hhoppe.com/proj/meshopt/",QUEUED,,"joint connectivity; position; fidelity; complexity"
native_tri,vorsatz2001_feature_sensitive,"Feature Sensitive Remeshing","Vorsatz; Roessl; Kobbelt; Seidel",2001,"Computer Graphics Forum","10.1111/1467-8659.00532","https://www.graphics.rwth-aachen.de/media/papers/resample1.pdf",QUEUED,,"feature-sensitive density; particle relaxation"
native_tri,surazhsky2003_explicit,"Explicit Surface Remeshing","Surazhsky; Gotsman",2003,"Symposium on Geometry Processing","10.2312/SGP/SGP03/020-030","https://diglib.eg.org/items/8f1dac05-aca1-4973-87e8-27a340397957",FULL_READ,"native_tri/surazhsky2003_explicit.md","local operators; area smoothing; source provenance; dynamic patches"
native_tri,surazhsky2003_local_parameterization,"Isotropic Remeshing of Surfaces: A Local Parameterization Approach","Surazhsky; Alliez; Gotsman",2003,"International Meshing Roundtable",,"https://citeseerx.ist.psu.edu/document?doi=b8961083b1387f4bd4262d5034d00b395bea12df&repid=rep1&type=pdf",QUEUED,,"local parameterization; local CVT; arbitrary genus"
native_tri,vorsatz2003_dynamic,"Dynamic Remeshing and Applications","Vorsatz; Roessl; Seidel",2003,"ACM Symposium on Solid Modeling and Applications","10.1145/781606.781633","user-supplied PDF",FULL_READ,"native_tri/vorsatz2003_dynamic.md","dynamic operators; source-domain link; feature skeleton"
native_tri,wang2018_angle_bounded,"Isotropic Surface Remeshing without Large and Small Angles","Wang; Yan; Liu; Tang; Guo; Zhang; Wonka",2018,"IEEE TVCG","10.1109/TVCG.2018.2837115","https://repository.kaust.edu.sa/items/617eca35-4d22-4f07-9e38-ce5b878dec54",FULL_READ,"native_tri/wang2018_angles.md","paired angle queues; insertion; removal; error-aware local operators"
native_tri,fuhrmann2010_direct,"Direct Resampling for Isotropic Surface Remeshing","Fuhrmann; Ackermann; Kalbe; Goesele",2010,"Vision Modeling and Visualization","10.2312/PE/VMV/VMV10/009-016","https://diglib.eg.org/items/5f95db9b-042f-409f-aaf8-413e192f5665",QUEUED,,"exact vertex budget; mutual tessellation; feature tags"
native_tri,lv2022_curvature_smoothed,"Adaptively Isotropic Remeshing Based on Curvature Smoothed Field","Lv; Lin; Zheng",2022,"IEEE TVCG","10.1109/TVCG.2022.3227970","https://aliexken.github.io/papers/2022_Remeshing.pdf",QUEUED,,"smoothed curvature field; distorted-face preprocessing"
native_tri,du2015_equilateral,"As-Equilateral-as-Possible Surface Remeshing","Du; Jin; Tong",2015,"Journal of Advanced Mechanical Design Systems and Manufacturing","10.1299/jamdsm.2015jamdsm0052","https://www.jstage.jst.go.jp/article/jamdsm/9/4/9_2015jamdsm0052/_article/-char/en",QUEUED,,"connectivity regularization; equilateral fitting"
native_tri,borouchaki2005_envelope,"Simplification of Surface Mesh Using Hausdorff Envelope","Borouchaki; Frey",2005,"Computer Methods in Applied Mechanics and Engineering","10.1016/j.cma.2004.11.016","user-supplied PDF",FULL_READ,"native_tri/borouchaki2005_envelope.md","Hausdorff envelope; normal cone; guarded local edits"
native_tri,cohensteiner2004_variational,"Variational Shape Approximation","Cohen-Steiner; Alliez; Desbrun",2004,"ACM Transactions on Graphics","10.1145/1015706.1015817","https://citeseerx.ist.psu.edu/document?doi=6aabbe52a9ffa3bc669e06907b17c524ae761b60&repid=rep1&type=pdf",QUEUED,,"proxy clustering; normal-deviation error; anisotropy"
native_tri,alliez2002_interactive,"Interactive Geometry Remeshing","Alliez; Meyer; Desbrun",2002,"ACM Transactions on Graphics","10.1145/566654.566588","https://pages.saclay.inria.fr/mathieu.desbrun/pubs/AMD02.pdf",QUEUED,,"control maps; sampling; Delaunay; parameterization"
native_tri,yang2020_compatible,"Error-Bounded Compatible Remeshing","Yang; Zhang; Liu; Liu; Fu",2020,"ACM Transactions on Graphics","10.1145/3386569.3392434","user-supplied PDF",FULL_READ,"native_tri/yang2020_compatible.md","error bound; compatible meshes; transactional local checks"
native_tri,alliez2003_isotropic,"Isotropic Surface Remeshing","Alliez; Colin de Verdiere; Devillers; Isenburg",2003,"Shape Modeling International","10.1109/SMI.2003.1199601","https://citeseerx.ist.psu.edu/document?doi=b06969098ee7e06a1c600daed738fbe9e6dd05e1&repid=rep1&type=pdf",QUEUED,,"density sampling; weighted CVT; constrained Delaunay"
native_tri,yan2014_localized_rvd,"Low-Resolution Remeshing Using the Localized Restricted Voronoi Diagram","Yan; Bao; Zhang; Wonka",2014,"IEEE TVCG","10.1109/TVCG.2014.2330574","https://archive.ymsc.tsinghua.edu.cn/pacm_download/38/280-2014_TVCG_LRVD.pdf",QUEUED,,"localized RVD; coarse meshes; nearby sheets"
native_tri,valette2008_discrete_voronoi,"Generic Remeshing of 3D Triangular Meshes with Metric-Dependent Discrete Voronoi Diagrams","Valette; Chassery; Prost",2008,"IEEE TVCG","10.1109/TVCG.2007.70430","https://www.creatis.insa-lyon.fr/~valette/public/publication/valette-tvcg-2008/",QUEUED,,"fixed budget; discrete Voronoi; metric-driven clustering"
native_tri,yan2016_non_obtuse,"Non-Obtuse Remeshing with Centroidal Voronoi Tessellation","Yan; Wonka",2016,"IEEE TVCG","10.1109/TVCG.2015.2505279","https://repository.kaust.edu.sa/items/b00dc74a-ca63-4bd2-b5f8-8e50a04c861b",QUEUED,,"non-obtuse objective; CVT; sharp features"
native_tri,yan2013_gap_processing,"Gap Processing for Adaptive Maximal Poisson-Disk Sampling","Yan; Wonka",2013,"ACM Transactions on Graphics","10.1145/2516971.2516973","https://arxiv.org/abs/1211.3297",QUEUED,,"maximal sampling; coverage; power diagrams"
native_tri,yan2014_blue_noise,"Blue-Noise Remeshing with Farthest Point Optimization","Yan; Guo; Jia; Zhang; Wonka",2014,"Computer Graphics Forum","10.1111/cgf.12442","https://archive.ymsc.tsinghua.edu.cn/pacm_download/38/279-2014_CGF_FPO.pdf",QUEUED,,"blue noise; farthest-point optimization; nonuniform sampling"
native_tri,guo2015_maximal_poisson,"Efficient Maximal Poisson-Disk Sampling and Remeshing on Surfaces","Guo; Yan; Jia; Zhang",2015,"Computers & Graphics","10.1016/j.cag.2014.09.015","https://jianweiguo.net/publications/papers/2014_C%26G_MPSMesh.pdf",QUEUED,,"Poisson disk; void tracking; thin sheets"
native_tri,ahmed2017_push_pull,"A Simple Push-Pull Algorithm for Blue-Noise Sampling","Ahmed; Guo; Yan; Franceschi; Zhang; Deussen",2017,"IEEE TVCG","10.1109/TVCG.2016.2641963","https://graphics.uni-konstanz.de/publikationen/Ahmed2016SimplePushPull/index.html",QUEUED,,"separation; coverage; Voronoi capacity"
native_tri,zhong2013_particle_anisotropic,"Particle-Based Anisotropic Surface Meshing","Zhong; Guo; Wang; Levy; Sun; Liu; Mao",2013,"ACM Transactions on Graphics","10.1145/2461912.2461946","https://citeseerx.ist.psu.edu/document?doi=3fe25837e7bbc626f5b29d6adc0f217f58db4018&repid=rep1&type=pdf",QUEUED,,"Riemannian metric; particle energy; anisotropic Voronoi"
native_tri,narain2012_cloth,"Adaptive Anisotropic Remeshing for Cloth Simulation","Narain; Samii; O'Brien",2012,"ACM Transactions on Graphics","10.1145/2366145.2366171","https://escholarship.org/uc/item/5s1775xd",QUEUED,,"dynamic operators; anisotropic metric; cloth context"
native_tri,zhong2014_conformal_anisotropic,"Anisotropic Surface Meshing with Conformal Embedding","Zhong; Shuai; Jin; Guo",2014,"Graphical Models","10.1016/j.gmod.2014.03.011","user-supplied PDF",FULL_READ,"native_tri/zhong2014_conformal_anisotropic.md","metric tensor; conformal embedding; anisotropic weighted CVT"
native_tri,bischoff2005_cad_repair,"Structure Preserving CAD Model Repair","Bischoff; Kobbelt",2005,"Computer Graphics Forum","10.1111/j.1467-8659.2005.00878.x","https://www.graphics.rwth-aachen.de/publication/0389/",QUEUED,,"CAD repair; cracks; intersections; tolerance"
native_tri,attene2010_lightweight_repair,"A Lightweight Approach to Repairing Digitized Polygon Meshes","Attene",2010,"The Visual Computer","10.1007/s00371-010-0416-3","https://citeseerx.ist.psu.edu/document?doi=461dae710ffa6205f684354a7927e2f74d7cc1bc&repid=rep1&type=pdf",QUEUED,,"manifold repair; watertightness; local defects"
native_tri,nunes2011_parallel,"A Parallel Remeshing Method","Nunes; Mayrink; Mesquita; Lowther",2011,"IEEE Transactions on Magnetics","10.1109/TMAG.2010.2090944","user-supplied PDF",FULL_READ,"native_tri/nunes2011_parallel.md","parallel B-spline approximation; section scheduling; topology locks"
native_tri,mahmoud2025_gpu,"Dynamic Mesh Processing on the GPU","Mahmoud; Porumbescu; Owens",2025,"ACM Transactions on Graphics","10.1145/3731162","https://escholarship.org/uc/item/82k732k4",QUEUED,,"GPU topology; conflict handling; rollback; cavity operator"
native_quad_dom,alliez2003_anisotropic,"Anisotropic Polygonal Remeshing","Alliez; Cohen-Steiner; Devillers; Levy; Desbrun",2003,"ACM Transactions on Graphics",10.1145/882262.882296,https://www.geometry.caltech.edu/pubs/ACDLD03.pdf,FULL_READ,"native_quad/alliez2003_anisotropic.md","curvature tensor; anisotropic metric; feature-side smoothing; umbilics; conforming hybrid extraction"
native_quad_dom,jakob2015_instant,"Instant Field-Aligned Meshes","Jakob; Tarini; Panozzo; Sorkine-Hornung",2015,"ACM Transactions on Graphics",10.1145/2816795.2818078,https://rgl.epfl.ch/publications/Jakob2015Instant/,FULL_READ,"native_quad/jakob2015_instant.md","4-RoSy orientation field; 4-PoSy position field; multiresolution; singularities; extraction"
native_quad_dom,huang2018_quadriflow,"QuadriFlow: A Scalable and Robust Method for Quadrangulation","Huang; Zhou; Niessner; Shewchuk; Guibas",2018,"Computer Graphics Forum",10.1111/cgf.13498,https://stanford.edu/~jingweih/papers/quadriflow/quadriflow.pdf,FULL_READ,"native_quad/huang2018_quadriflow.md","integer offsets; min-cost flow; singularity removal; inversion cleanup; quad extraction"
native_tet,shewchuk1998_delaunay_refinement,"Tetrahedral Mesh Generation by Delaunay Refinement","Shewchuk",1998,"ACM Symposium on Computational Geometry",10.1145/276884.276894,https://www.cs.jhu.edu/~misha/Spring16/Shewchuk98.pdf,FULL_READ,"native_tet/shewchuk1998_delaunay_refinement.md","Delaunay refinement; encroachment; termination; PLC; radius-edge"
native_tet,si2015_tetgen,"TetGen, a Delaunay-Based Quality Tetrahedral Mesh Generator","Si",2015,"ACM Transactions on Mathematical Software",10.1145/2629697,https://albertsk.org/wp-content/uploads/2011/12/si-atms-2015-10-1145_2629697.pdf,FULL_READ,"native_tet/si2015_tetgen.md","protected CDT; segment and face recovery; flips; refinement; sliver treatment"
native_tet,hu2020_ftetwild,"fTetWild: Fast Tetrahedral Meshing in the Wild","Hu; Schneider; Wang; Zorin; Panozzo",2020,"ACM Transactions on Graphics",10.1145/3386569.3392385,https://cims.nyu.edu/gcl/papers/2020-fTetWild.pdf,FULL_READ,"native_tet/hu2020_ftetwild.md","incremental triangle insertion; subdivision table; epsilon envelope; retry; AMIPS"
native_hex_dom,marechal2009_octree_all_hex,"Advances in Octree-Based All-Hexahedral Mesh Generation: Handling Sharp Features","Marechal",2009,"International Meshing Roundtable",10.1007/978-3-642-04319-2_5,https://team.inria.fr/gamma/files/2021/03/imr18.pdf,FULL_READ,"native_hex/marechal2009_octree_all_hex.md","octree pairing; directional cuts; dual construction; sharp features; all-hex transitions"
native_hex_dom,nieser2011_cubecover,"CubeCover - Parameterization of 3D Volumes","Nieser; Reitebuch; Polthier",2011,"Computer Graphics Forum",10.1111/j.1467-8659.2011.02014.x,https://diglib.eg.org/server/api/core/bitstreams/584f2ef3-7a95-4183-a71e-537ac26e0e02/content,FULL_READ,"native_hex/nieser2011_cubecover.md","frame field; singularities; global parameterization; integer rounding; hex extraction"
native_hex_dom,gao2017_field_guided,"Robust Hex-Dominant Mesh Generation Using Field-Guided Polyhedral Agglomeration","Gao; Jakob; Tarini; Panozzo",2017,"ACM Transactions on Graphics",10.1145/3072959.3073676,https://rgl.epfl.ch/publications/Gao2017Robust/,FULL_READ,"native_hex/gao2017_field_guided_agglomeration.md","orientation and position fields; polyhedral agglomeration; topology invariant; geometric validity"
boundary_layers,aubry2017_arbitrary,"Boundary Layer Mesh Generation on Arbitrary Geometries","Aubry; Dey; Mestreau; Karamete",2017,"International Journal for Numerical Methods in Engineering",10.1002/nme.5514,https://onlinelibrary.wiley.com/doi/10.1002/nme.5514,FULL_READ_EXISTING,"../boundary_layers/native_bl_literature_integrated_development_plan_2026-07-23.md","multiple normals; generalized Voronoi; nonsmooth geometry"
native_poly,abdelkader2020_vorocrust,"VoroCrust: Voronoi Meshing Without Clipping","Abdelkader; Bajaj; Ebeida; Mahmoud; Mitchell; Owens; Rushdi",2020,"ACM Transactions on Graphics",10.1145/3337680,https://arxiv.org/pdf/1902.08767,FULL_READ,"native_poly/vorocrust2020_without_clipping.md","stratum-aware ball protection; paired surface seeds; sliver elimination; variable-radius sampling"
native_poly,garimella2013_general_dual,"Polyhedral Mesh Generation and Optimization for Non-manifold Domains","Garimella; Kim; Berndt",2013,"International Meshing Roundtable",10.1007/978-3-319-02335-9_18,https://web.archive.org/web/20161216071606id_/http://www.imr.sandia.gov/papers/imr22/IMR22_18_Garimella.pdf,FULL_READ,"native_poly/garimella2013_general_dual.md","entity-classified primal-to-dual; star-shaped validity; untangling; non-manifold domains"
native_poly,sorgente2022_quality,"Polyhedral Mesh Quality Indicator for the Virtual Element Method","Sorgente; Biasotti; Manzini; Spagnuolo",2022,"Computers & Mathematics with Applications",10.1016/j.camwa.2022.03.042,https://arxiv.org/pdf/2112.11365,FULL_READ,"native_poly/sorgente2022_quality_indicator.md","star kernel; degeneration; combinatorial quality; VEM correlation"
native_poly,sorgente2023_agglomeration,"Mesh Quality Agglomeration Algorithm for the Virtual Element Method Applied to Discrete Fracture Networks","Sorgente; Vicini; Berrone; Biasotti; Manzini; Spagnuolo",2023,Calcolo,10.1007/s10092-023-00517-5,https://link.springer.com/content/pdf/10.1007/s10092-023-00517-5.pdf,FULL_READ,"native_poly/sorgente2023_quality_agglomeration.md","constrained adjacency graph; union quality; alpha-beta labeling; cell-count tradeoff"
native_tet,si2010_boundary_conforming,"Boundary-conforming Delaunay Mesh Generation","Si; Fuhrmann",2010,"Applied Numerical Mathematics",10.1134/S0965542510010069,user-supplied PDF,FULL_READ,"native_tet/si2010_boundary_conforming_delaunay.md","boundary recovery; constrained refinement; quality-aware radius-angle policy"
native_tet,cheng2000_sliver_exudation,"A Practical Scheme for Sliver Exudation","Cheng; et al.",2000,"Algorithmica",10.1145/355483.355487,user-supplied PDF,FULL_READ,"native_tet/cheng2000_sliver_exudation.md","weighted-Delaunay; radius-edge limits; weight pumping; sliver robustness"
native_hex_dom,hybrid_octree_hex,"HybridOctree_Hex: Hybrid octree-based adaptive all-hexahedral mesh generation with Jacobian control","Tong; Halilaj; Zhang",2024,"Journal of Computational Science",10.1016/j.jocs.2024.102278,https://arxiv.org/abs/2401.05984,FULL_READ,"native_hex/batch2_core_papers.md","thin-region detection; 2:1 pairing; all-hex templates; Jacobian control"
native_hex_dom,ito2009_octree,"Octree-based reasonable-quality hexahedral mesh generation using a new set of refinement templates","Ito; Shih; Soni",2009,"International Journal for Numerical Methods in Engineering",10.1002/nme.2470,user-pdf,FULL_READ,"native_hex/zhang2013_2refinement_all_hex.md","octree refinement templates; interface transitions; boundary projection"
native_hex_dom,ray2016_field,"Practical 3D Frame Field Generation","Ray; Sokolov; Levy",2016,"ACM Transactions on Graphics",10.1145/2980179.2982408,"https://brunolevy.github.io/papers/framefields_SIGASIA_2016.pdf",FULL_READ,"native_hex/batch2_core_papers.md","boundary aligned frame initialization; non-convex optimization"
native_hex_dom,sokolov2016_hex_dominant,"Hexahedral-Dominant Meshing","Sokolov; Ray; Untereiner; Levy",2016,"ACM Transactions on Graphics",10.1145/2930662,https://hal.science/hal-01397846,FULL_READ,"native_hex/batch2_core_papers.md","frame-guided tet pointset; CDT recombination; hex-dominant output"
native_hex_dom,hexex2016,"HexEx: Robust Hexahedral Mesh Extraction","Lyon; Bommes; Kobbelt",2016,"ACM Transactions on Graphics",10.1145/2897824.2925976,https://cgg.unibe.ch/media/papers/HexEx_lowres.pdf,FULL_READ,"native_hex/batch2_core_papers.md","IGM sanitization; transition extraction; invalid-tet handling"
native_hex_dom,hexhex2025,"HexHex: High-speed Extraction of Hexahedral Meshes","Kohler; Heistermann; Bommes",2025,"ACM Transactions on Graphics",10.1145/3730940,https://www.algohex.eu/publications/hexhex/,FULL_READ,"native_hex/batch2_core_papers.md","IGM extraction performance; injectivity prerequisite"
native_poly,kim2014_newton,"An Efficient Approach for Solving Mesh Optimization Problems Using Newton's Method","Kim",2014,"Computers & Mathematical Applications",10.1155/2014/273732,user-supplied PDF,FULL_READ,"native_poly/batch2_paper_notes.md","local optimization with constraints; quality-aware untangling"
native_poly,kim2014_untangling,"Untangling Polygonal and Polyhedral Meshes via Mesh Optimization","Kim; Chung",2014,"Computer Methods in Applied Mechanics and Engineering",10.1007/s00366-014-0379-5,user-supplied PDF,FULL_READ,"native_poly/batch2_paper_notes.md","local mesh untangling; constrained optimization"
native_poly,berge2019_voronoi_conformity,"Unstructured Voronoi Grids Conforming to Lower-Dimensional Objects","Berge; Klemetsdal; Lie",2019,"Computer Methods in Applied Mechanics and Engineering",10.1007/s10596-018-9790-0,https://link.springer.com/article/10.1007/s10596-018-9790-0,FULL_READ,"native_poly/batch2_evidence_matrix.md","lower-dimensional constrained Voronoi; hierarchy and conflict handling"
native_tet,wang2012_feature_sensitive_bcc,"Feature-Sensitive Tetrahedral Mesh Generation with Guaranteed Quality","Wang; Yu",2012,"Computer-Aided Design",10.1016/j.cad.2012.01.002,user-supplied PDF,FULL_READ,"native_tet/wang2012_feature_sensitive_bcc.md","adaptive octree; BCC lattice; lambda snapping; optimal stencil decomposition; sampled dihedral certification; surface not preserved"
native_tet,cheng2003_weighted_delaunay_refinement,"Quality Meshing with Weighted Delaunay Refinement","Cheng; Dey",2003,"SIAM Journal on Computing",10.1137/S0097539703418808,user-supplied PDF,FULL_READ,"native_tet/cheng2003_weighted_delaunay_refinement.md","weighted Delaunay refinement; Rule-4 encroachment simulation; interior weight pumping; forbidden-interval sliver classifier; non-acute input assumption"
native_tet,chen2017_shell_transformation,"Improved Boundary Constrained Tetrahedral Mesh Generation by Shell Transformation","Chen; Zheng; Zheng; Si; Hassan; Morgan",2017,"Applied Mathematical Modelling",10.1016/j.apm.2017.07.011,user-supplied PDF,FULL_READ,"native_tet/chen2017_shell_transformation.md","recursive shell transformation; DP optimal partial triangulation; lexicographic quality vector; Steiner suppression; BRC budget conditions"
native_tet,leng2013_geometric_flow,"A Novel Geometric Flow Approach for Quality Improvement of Multi-Component Tetrahedral Meshes","Leng; Zhang; Xu",2013,"Computer-Aided Design",10.1016/j.cad.2013.05.004,user-supplied PDF,FULL_READ,"native_tet/leng2013_geometric_flow.md","tangential-only regularization; penalized active-set smoothing; rising-threshold flip ladder; normal fairing excluded (moves boundary)"
native_tet,ni2017_sliver_shape_matching,"Sliver-Suppressing Tetrahedral Mesh Optimization with Gradient-Based Shape Matching Energy","Ni; Zhong; Liu; Wang; Chen; Guo",2017,"Computer Aided Geometric Design",10.1016/j.cagd.2017.02.004,user-supplied PDF,FULL_READ,"native_tet/ni2017_sliver_shape_matching.md","GSM inverse-height energy; steeper sliver barrier vs AMIPS; no inversion barrier; multi-face removal re-test; interior-only smoothing"
native_tet,dassi2018_moving_mesh_lazy_flips,"Tetrahedral Mesh Improvement Using Moving Mesh Smoothing, Lazy Searching Flips, and RBF Surface Reconstruction","Dassi; Kamenski; Farrell; Si",2018,"Computer-Aided Design",10.1016/j.cad.2017.11.010,user-supplied PDF,FULL_READ,"native_tet/dassi2018_moving_mesh_lazy_flips.md","MMPDE moving-mesh smoothing; lazy recursive edge removal with exact rollback; frozen-boundary mode; RBF pass dropped (smooths surface)"
native_tet,wang2024_parallel_tet_improvement,"Multi-threaded Parallel Tetrahedral Mesh Improvement by Combining Atomic Operation and Graph Coloring","Wang Yifu; Wang Junji; Wang BoHan; Wang Yifei; Chen Jianjun",2024,"Advances in Engineering Software",10.1016/j.advengsoft.2024.103782,user-supplied PDF,FULL_READ,"native_tet/wang2024_parallel_tet_improvement.md","vertex-token try-lock; cavity plus one-ring ambient conflict neighborhood; coordinate-sort partitioning; graph coloring bottleneck; non-deterministic"
native_poly,juretic2010_fv_error_cell_shape,"Error Analysis of the Finite-Volume Method with Respect to Mesh Type","Juretic; Gosman",2010,"Numerical Heat Transfer Part B",10.1080/10407791003685155,user-supplied PDF,FULL_READ,"native_poly/juretic2010_fv_error_cell_shape.md","face-pair cancellation; skewness convection error; non-orthogonality diffusion error; uniformity fx; poly near-hex accuracy; tet worst FV cell"
native_poly,katz2011_mesh_quality_cfd_accuracy,"Mesh Quality Effects on the Accuracy of CFD Solutions on Unstructured Meshes","Katz; Sankaran",2011,"Journal of Computational Physics",10.1016/j.jcp.2011.06.023,user-supplied PDF,FULL_READ,"native_poly/katz2011_mesh_quality_cfd_accuracy.md","MMS solution error; random perturbation robustness; face non-planarity first order; BL aspect-ratio tolerance; cell-centered vs node-centered"
native_poly,bassi2012_agglomeration_dg,"On the Flexibility of Agglomeration Based Physical Space Discontinuous Galerkin Discretizations","Bassi; Botti; Colombo; Di Pietro; Tesini",2012,"Journal of Computational Physics",10.1016/j.jcp.2011.08.018,user-supplied PDF,FULL_READ,"native_poly/bassi2012_agglomeration_dg.md","MGridGen agglomeration; aspect-ratio objective; per-facet quadrature; inertia-frame basis; agglomeration-factor bound; DG-vs-FV admissibility gap"
native_poly,pan2022_agglomeration_dg,"Agglomeration-Based Geometric Multigrid Solvers for Compact Discontinuous Galerkin Discretizations on Unstructured Meshes","Pan; Persson",2022,"Journal of Computational Physics",10.1016/j.jcp.2021.110775,user-supplied PDF,FULL_READ,"native_poly/pan2022_agglomeration_dg.md","greedy vertex-star agglomeration; connectedness-only validity; composite sub-element quadrature; orphan absorption; flux coarsening"
native_poly,r3mg2025_rtree_agglomeration,"R3MG: R-tree Based Agglomeration of Polytopal Grids with Applications to Multilevel Methods","Feder; Cangiani; Heltai",2025,"Journal of Computational Physics",10.1016/j.jcp.2025.113773,user-supplied PDF,FULL_READ,"native_poly/r3mg2025_rtree_agglomeration.md","R-star-tree AABB grouping; nested hierarchy by construction; box-ratio and overlap-factor metrics; deterministic low-cost grouping; hierarchy builder not generator"
native_poly,antonietti2022_ml_refinement,"Machine Learning Based Refinement Strategies for Polyhedral Grids with Applications to Virtual Element and Polyhedral Discontinuous Galerkin Methods","Antonietti; Dassi; Manuzzi",2022,"Journal of Computational Physics",10.1016/j.jcp.2022.111531,user-supplied PDF,FULL_READ,"native_poly/antonietti2022_ml_agglomeration.md","cutting-plane refinement; k-means 2-seed split; vertex snapping; validity gate; uniformity factor; ball ratio; ML-advisory template"
native_poly,magnet2025_gnn_agglomeration,"MAGNET: An Open-Source Library for Mesh Agglomeration by Graph Neural Networks","Antonietti; Caldana; Mazzieri; Re Fraschini",2025,"Engineering with Computers",10.1007/s00366-025-02223-y,https://link.springer.com/article/10.1007/s00366-025-02223-y,FULL_READ,"native_poly/magnet2025_gnn_agglomeration.md","dual-graph normalized-cut partitioning; GNN vs METIS vs k-means; circle ratio; sphericity; volume difference; connectivity post-split guard"
native_poly,pvem2025_polytopal_vem,"Particle Virtual Element Method (PVEM): An Agglomeration Technique for Mesh Optimization in Explicit Lagrangian Free-Surface Fluid Modelling","Fu; Cremonesi; Perego; Hudobivnik; Wriggers",2025,"Computer Methods in Applied Mechanics and Engineering",10.1016/j.cma.2024.117461,https://doi.org/10.1016/j.cma.2024.117461,FULL_READ,"native_poly/pvem2025_polytopal_vem.md","merge-with-best-neighbor sliver repair; characteristic length 6V/A; time-step gate; triangular-face invariant; transient agglomerates"
native_poly,du1999_cvt_review,"Centroidal Voronoi Tessellations: Applications and Algorithms","Du; Faber; Gunzburger",1999,"SIAM Review",10.1137/s0036144599352836,user-supplied PDF,FULL_READ,"native_poly/du1999_cvt_review.md","CVT energy; Lloyd iteration; frozen-boundary restriction analysis; saddle-point caveat; density-graded sizing; centroidal covolume accuracy"
native_tri,cheng2019_error_bounded_refinement,"Practical Error-Bounded Remeshing by Adaptive Refinement","Cheng; Fu; Zhang; Chai",2019,"Computers & Graphics","10.1016/j.cag.2019.05.019","user-supplied PDF",FULL_READ,"native_tri/cheng2019_error_bounded_refinement.md","adaptive refinement to error bound; violation-driven target-length shrinking; progressive sampled audit; refine-first pre-pass for angle improvement"
native_tri,frey2005_anisotropic_cfd,"Anisotropic Mesh Adaptation for CFD Computations","Frey; Alauzet",2005,"Computer Methods in Applied Mechanics and Engineering","10.1016/j.cma.2004.11.025","user-supplied PDF",FULL_READ,"native_tri/frey2005_anisotropic_cfd_adaptation.md","unit-mesh contract; eigenvalue truncation; simultaneous-reduction metric intersection; metric interpolation; curvature source metric"
native_tri,liu2024_sharp_feature,"Surface Remeshing with Preservation of Sharp Features through Iterative Identification and Optimization of Sample Points","Liu; Yao; Fei; Zhang; Zheng",2024,"Computers & Graphics","10.1016/j.cag.2024.103949","user-supplied PDF",FULL_READ,"native_tri/liu2024_sharp_feature_remeshing.md","dynamic feature-sample election; gap filling; ostracism clearance; 1-D CVT on feature chains; 45-deg dihedral pre-detection"
native_tri,zhang2022_crevo,"Constrained Remeshing Using Evolutionary Vertex Optimization","Zhang; Wang; Guo; Chai; Liu; Fu",2022,"Computer Graphics Forum","10.1111/cgf.14471","user-supplied PDF",FULL_READ,"native_tri/zhang2022_evolutionary_vertex_optimization.md","per-vertex differential evolution; infinite-barrier hard gates; error-bounded Delaunay simplification; angle-tail elimination"
native_tri,liu2024_bijective_shell,"Smooth Bijective Projection in a High-order Shell","Liu; Ji; Guo; Liu; Fu",2024,"ACM Transactions on Graphics","10.1145/3658207","user-supplied PDF",FULL_READ,"native_tri/liu2024_bijective_shell_projection.md","high-order prismatic shell; bijective projection; per-operation containment and normal checks; provenance transfer"
native_hex_dom,knupp2001_untangling,"Hexahedral and Tetrahedral Mesh Untangling","Knupp",2001,"Engineering with Computers",10.1007/s003660170006,user-supplied PDF,FULL_READ,"native_hex/knupp2001_untangling.md","global l1 untangling objective; corner-Jacobian inversion definition; beta volume-scaled positivity margin; failure as topology diagnostic"
native_hex_dom,ledoux2010_sheet_operations,"Topological Modifications of Hexahedral Meshes via Sheet Operations: A Theoretical Study","Ledoux; Shepherd",2010,"Engineering with Computers",10.1007/s00366-009-0145-2,user-supplied PDF,FULL_READ,"native_hex/ledoux2010_sheet_operations.md","STC dual; sheet extraction; pillowing; chord collapse; atomic operations; all-hex-preserving topology ops; per-patch BL primitive"
native_hex_dom,yamakawa2002_hexhoop,"HEXHOOP: Modular Templates for Converting a Hex-Dominant Mesh to an ALL-Hex Mesh","Yamakawa; Shimada",2002,"Engineering with Computers",10.1007/s003660200019,user-supplied PDF,FULL_READ,"native_hex/yamakawa2002_hexhoop.md","core+cap hoop templates; Schneiders pyramid solution; 60x cell multiplication; bimodal 0.4 scaled-Jacobian mode; patent pending; conversion-cost gate"
native_hex_dom,chen2026_hex_quality,"An Approach to Hex-Dominant Meshing with High-Quality Hexahedral Element Distribution","Chen; Zheng; Liao; Gao",2026,"Engineering with Computers",10.1007/s00366-025-02241-w,user-supplied PDF,FULL_READ,"native_hex/chen2026_hex_quality.md","QHED metric; ScoreCHE hex adjacency; hex cluster census; sweepable-region frame-field decomposition; OBB PSO interface optimization"
native_hex_dom,gao2019_feature_octree_hex,"Feature Preserving Octree-Based Hexahedral Meshing","Gao; Shen; Panozzo",2019,"Computer Graphics Forum (SGP)",10.1111/cgf.13795,https://cims.nyu.edu/gcl/papers/2019-OctreeMeshing.pdf,FULL_READ,"native_hex/gao2019_feature_octree_hex.md","dual all-hex octree conversion; scaffold mesh; corner/curve/patch feature mapping; assign-once tangent-slide provenance; refine-on-deviation loop; corner-positive SJ not trilinear bijectivity"
native_hex_dom,pitzalis2021_generalized_adaptive_refinement,"Generalized Adaptive Refinement for Grid-based Hexahedral Meshing","Pitzalis; Livesu; Cherchi; Gobbetti; Scateni",2021,"ACM Transactions on Graphics (SIGGRAPH Asia)",10.1145/3478513.3480508,https://github.com/cg3hci/Gen-Adapt-Ref-for-Hexmeshing,FULL_READ,"native_hex/pitzalis2021_generalized_adaptive_refinement.md","ILP-based generalized pairing; weak balancing; minimal grid refinement; 2.1x vs 3.3x growth; pairing preprocessing not templates"
native_hex_dom,livesu2022_optimal_dual_schemes,"Optimal Dual Schemes for Adaptive Grid Based Hexmeshing","Livesu; Pitzalis; Cherchi",2022,"ACM Transactions on Graphics",10.1145/3494456,https://github.com/mlivesu/cinolib,FULL_READ,"native_hex/livesu2022_optimal_dual_schemes.md","20-transition complete enumeration; 8+5 atomic dual schemes; dualization; singular valence bounds 6/7; all-hex topology proof; positive Jacobian not guaranteed"
native_hex_dom,livesu2015_edge_cone_rectification,"Practical Hex-Mesh Optimization via Edge-Cone Rectification","Livesu; Sheffer; Vining; Tarini",2015,"ACM Transactions on Graphics (SIGGRAPH)",10.1145/2766905,https://www.cs.ubc.ca/labs/imager/tr/2015/untangler/,FULL_READ,"native_hex/livesu2015_edge_cone_rectification.md","edge-cone reformulation; local-global QP/penalty untangling; frozen vs tangent-plane sliding boundary modes; max-min worst-cone loop; MSJ-to-OpenFOAM-skew bridge unverified"
native_hex_dom,tong_hexopt,"Fast and Robust Hexahedral Mesh Optimization via Augmented Lagrangian; L-BFGS; and Line Search","Tong; Zhang",2024,"arXiv (SIAM 2025; CAD 196:104073 2026 reported)",arXiv:2410.11656,https://github.com/CMU-CBML/HexOpt,FULL_READ,"native_hex/tong_hexopt.md","ReHQJ scale-invariant energy; augmented-Lagrangian sliding surface constraint; recomputed closest-point targets; L-BFGS Armijo; theta continuation; smart Laplacian escapes"
native_tri,shewchuk1997_robust_predicates,"Adaptive Precision Floating-Point Arithmetic and Fast Robust Geometric Predicates","Shewchuk",1997,"Discrete & Computational Geometry",10.1007/PL00009321,https://www.cs.cmu.edu/~quake/robust.html,FULL_READ,"native_tri/shewchuk1997_robust_predicates.md","expansion arithmetic; staged adaptive filters; orient2d/orient3d/incircle/insphere; vendor-not-port; ffp-contract build hygiene; explicit-input-only contract"
native_tri,attene2020_indirect_predicates,"Indirect Predicates for Geometric Constructions","Attene",2020,"Computer-Aided Design",10.1016/j.cad.2020.102856,https://arxiv.org/abs/2105.09772,FULL_READ,"native_tri/attene2020_indirect_predicates.md","implicit points as polynomial fractions; LPI/SSI constructions; semi-static/interval/expansion cascade; class-2 only; rational whitelist; snap-once-and-audit"
native_tri,brochu2009_eltopo,"Robust Topological Operations for Dynamic Explicit Surfaces","Brochu; Bridson",2009,"SIAM Journal on Scientific Computing",10.1137/080737617,https://www.cs.ubc.ca/~rbridson/docs/brochu-sisc2009-eltopo.pdf,FULL_READ,"native_tri/brochu2009_eltopo.md","per-operation guarded commit; pseudo-motion CCD; safe-default fallbacks; compound rollback; intersection-free-only invariant; complementary to bijective shell"
native_tri,wang2020_exact_envelope,"Exact and Efficient Polyhedral Envelope Containment Check","Wang; Schneider; Hu; Attene; Panozzo",2020,"ACM Transactions on Graphics (SIGGRAPH)",10.1145/3386569.3392426,https://github.com/wangbolun300/fast-envelope,FULL_READ,"native_tri/wang2020_exact_envelope.md","per-triangle prism envelope; exact one-sided IN certificate; LPI/TPI indirect predicates; eps-independent query cost; subdivision-stable invariant; native_tet sampled-BVH upgrade flag"
native_tri,jiang2020_bijective_shell,"Bijective Projection in a Shell","Jiang; Schneider; Zorin; Panozzo",2020,"ACM Transactions on Graphics (SIGGRAPH Asia)",10.1145/3414685.3417769,https://github.com/jiangzhongshi/bijective-projection-shell,FULL_READ,"native_tri/jiang2020_bijective_shell.md","linear prismatic shell; 24-tet I1 exact positivity; topological beveling; singularity pinching; 100% on 10.5k clean models; feature alignment out of scope; extrusion QP for BL"
native_tri,jiang2022_wildmeshing_toolkit,"Declarative Specification for Unstructured Mesh Editing Algorithms","Jiang; Dai; Hu; Zhou; Dumas; Zhou; Bajwa; Zorin; Panozzo; Schneider",2022,"ACM Transactions on Graphics (SIGGRAPH Asia)",10.1145/3550454.3555513,https://github.com/wildmeshing/wildmeshing-toolkit,FULL_READ,"native_tri/jiang2022_wildmeshing_toolkit.md","IDAS invariants/desiderata/attributes/schedule; before-after hooks with rollback; optimistic ring locking; explicitly nondeterministic parallelism; pattern port not library dependency"
native_tri,dapogny2014_mmg,"Three-Dimensional Adaptive Domain Remeshing; Implicit Domain Meshing; and Applications to Free and Moving Boundary Problems","Dapogny; Dobrzynski; Frey",2014,"Journal of Computational Physics",10.1016/j.jcp.2014.01.005,https://hal.sorbonne-universite.fr/hal-00804636,FULL_READ,"native_tri/dapogny2014_mmg.md","local non-accumulated hausd gate; collapse class hierarchy; split-then-collapse swap; staged schedule; curvature sizing; marching-tet cut-then-heal; quality-constant erratum"
